comment,comment_language,created_at,delivery_id,encrypted_order_id,gig_category,gig_id,gig_nested_sub_category,gig_slug,gig_sub_category,helpful_count,id,is_business,is_cancelled_order,order_duration,order_duration_en,order_duration_in_days,order_price_range,order_price_range_usd,order_type,original_relevancy_score,price_range_end,price_range_start,relevancy_score,repeat_buyer,reviewer_country,reviewer_country_code,reviewer_industry,reviews_count_as_buyer,score,seller_response_comment,seller_response_comment_language,seller_response_created_at,user_image_url,username,value,work_sample,work_sample_content_type,work_sample_id,work_sample_preview_url,work_sample_small
"Thank you for your hard work on this project, your attention to detail, and your willingness to refine the work. I look forward to working with you on future projects.",en,2025-12-17T00:30:36,,FO114727C5C45,23,425098179,,do-web-scrapping-on-any-shopify-store-using-python,542,,6941f105e116ba37dd48ffb3,False,False,6 days,6 days,6,$50-$100,$50-$100,,0.5,200,100,0,False,United States,US,,53,0,,,,,ksharma222,5,,,,,
"good dev, helped me to fix a complex theme upgrade issues.",en,2025-12-13T08:07:53,,FO822139F1C02,10,431481678,2041,develop-modern-react-js-or-next-js-web-apps-with-tailwind-and-api-integration,140,,693d1398e116ba37dd48ea2a,False,False,3 days,3 days,3,Up to $50,Up to $50,,,50,,0,False,Pakistan,PK,,9,0,,,,"https://fiverr-res.cloudinary.com/image/upload/f_auto,q_auto,t_profile_small/v1/attachments/profile/photo/5df5dd07453ef234e78a895364eb8b89-1656236629893/6aefe933-0a8f-4d38-b54e-9713116c5706.jpeg",zahid119,5,,,,,
"Asked for a OCR development, and it was what I was expecting. ",en,2025-12-12T14:22:02,,FO51B392EBF83,10,431481678,2041,develop-modern-react-js-or-next-js-web-apps-with-tailwind-and-api-integration,140,,693c250a5df9d100648a1df4,True,False,10 hours,10 hours,10,$100-$200,$100-$200,HOURLY,,200,100,0,False,Portugal,PT,,3,0,,,,"https://fiverr-res.cloudinary.com/image/upload/f_auto,q_auto,t_profile_small/v1/attachments/profile/photo/db98401468ba19f383aec79357c1b63d-1764926975916/7e766688-6999-4e40-b66e-0d9d53031daf.jpg",manelpassos,5,,,,,
Delivered earlier than anticipated. Well done. ,en,2025-12-08T11:13:55,,FO3146ED35743,10,431481678,2041,develop-modern-react-js-or-next-js-web-apps-with-tailwind-and-api-integration,140,,6936aa36de734419431e1b70,False,False,2 days,2 days,2,$100-$200,$100-$200,,,400,200,0,False,Hong Kong,HK,technology,97,0,,,,"https://fiverr-res.cloudinary.com/image/upload/f_auto,q_auto,t_profile_small/v1/profile/photos/3001345/original/logobig.png",polycarpbeta,5,,,,,
Fantastic to work with. Thank you so much!! ,en,2025-11-27T09:21:31,,FO421FE15E086,10,431481678,2041,develop-modern-react-js-or-next-js-web-apps-with-tailwind-and-api-integration,140,,69280e4da616c2418b281b0d,False,False,5 days,5 days,5,$50-$100,$50-$100,,,200,100,0,False,United States,US,financial_services_or_banking,18,0,,,,"https://fiverr-res.cloudinary.com/image/upload/f_auto,q_auto,t_profile_small/v1/attachments/profile/photo/f333c8802644f6c316da5bd339204f0e-1630272855753/d8ea543b-0230-4124-b51b-d5576e35e173.jpeg",nickharris10,5,,,,,
"I highly recommend Masab to anyone looking for advanced AI systems, business automation, conversational interfaces or full-stack development. I approached him with the idea of building a complete business management system powered by multilingual AI. The goal was simple but extremely complex in execution: allow our team to manage CRM, HR, projects, tasks, timesheets and calendar events just by talking to the system in natural language in multiple languages. He delivered it!",en,2025-11-19T03:06:32,,FO528AA3114C7,10,431481678,2041,develop-modern-react-js-or-next-js-web-apps-with-tailwind-and-api-integration,140,,691d2ed750695d4c5d31e3e7,False,False,3 weeks,3 weeks,19,$400-$600,$400-$600,,0.5,600,400,0,False,Italy,IT,,1,0,,,,"https://fiverr-res.cloudinary.com/image/upload/f_auto,q_auto,t_profile_small/v1/attachments/profile/photo/e790d36de24015303aec344ef05d3b3f-1679384515936/89e0ec51-8d33-4faa-9635-4363017dbece.png",rogerlic,5,,,,,
Great to work with Masab. Masab is very professional and he really want to do a good job. Always asking for feedback. Great choice.  ,en,2025-11-13T16:55:08,,FO321D2248587,10,431481678,2041,develop-modern-react-js-or-next-js-web-apps-with-tailwind-and-api-integration,140,,69160d6c599f193eccc1324a,True,False,35 hours,35 hours,26,$400-$600,$400-$600,HOURLY,0.5,600,400,0.5,False,Portugal,PT,,3,,,,,"https://fiverr-res.cloudinary.com/image/upload/f_auto,q_auto,t_profile_small/v1/attachments/profile/photo/db98401468ba19f383aec79357c1b63d-1764926975916/7e766688-6999-4e40-b66e-0d9d53031daf.jpg",manelpassos,5,,,,,
Everything is good,en,2025-10-22T20:56:13,,FO721D195EC83,10,431481678,2041,develop-modern-react-js-or-next-js-web-apps-with-tailwind-and-api-integration,140,,68f9320136bfb77010345bdb,False,False,6 days,6 days,6,Up to $50,Up to $50,,,100,50,0,False,Canada,CA,,2,0,,,,,riansh_kamra,5,,,,,
Very great work and coordination  ,en,2025-10-05T16:31:26,,FO821C01FF682,23,425098179,,do-web-scrapping-on-any-shopify-store-using-python,542,,68e28df6f421b44bb999026b,False,False,3 days,3 days,3,Up to $50,Up to $50,,,50,,0,False,India,IN,,6,0,,,,,amanjoshi752004,5,,,,,
"He is very hardworking, polite, and professional. He consistently shows dedication to his work and maintains a positive and respectful attitude.",en,2025-10-02T15:49:48,,FO3142C1040C3,10,431481678,2041,develop-modern-react-js-or-next-js-web-apps-with-tailwind-and-api-integration,140,,68de9a305277566091be90bd,False,False,4 weeks,4 weeks,26,$50-$100,$50-$100,,0.5,100,50,0,False,Canada,CA,,2,0,,,,,riansh_kamra,5,,,,,
"He responds fast, communicates a lot, and works very hard.",en,2025-09-07T14:19:56,,FO31AE5F4B785,10,431481678,2041,develop-modern-react-js-or-next-js-web-apps-with-tailwind-and-api-integration,140,1,68bd8d65fe0fc3692004e29b,False,False,1 day,1 day,1,Up to $50,Up to $50,,,100,50,0,False,Italy,IT,technology,4,0,,,,,alessandroirace,5,,,,,
"Always a pleasure working with Massob Faroque! This is my 5th time hiring him, and as always, he delivers excellent work with professionalism and consistency. Highly reliable and skilled — I’ll definitely continue working with him.”",en,2025-09-07T08:22:42,,FO3142964CF43,23,425098179,,do-web-scrapping-on-any-shopify-store-using-python,542,,68bd3c04812bac3c0ab86e38,False,False,4 days,4 days,4,Up to $50,Up to $50,,0.5,50,,0,False,India,IN,,6,0,,,,,amanjoshi752004,5,,,,,
very great working with Masab!  will definitely work with him again ,en,2025-08-21T09:52:08,,FO61AC9C67B82,10,443480527,2243,develop-addictive-hyper-casual-mobile-games-using-unity,364,,68a6e6e6a4f0e21e2e4e47a1,True,False,10 days,10 days,10,$100-$200,$100-$200,,,400,200,0,False,United States,US,technology,14,0,,,,"https://fiverr-res.cloudinary.com/image/upload/f_auto,q_auto,t_profile_small/v1/attachments/profile/photo/20a1be670847b7badb9876921f999061-1868224131735372000161/JPEG_20241228_014639_29728234955102398.jpg",rjr_factive,5,,,,,
Great work master in his field great communication this was my 4th project with him from python automation to website debugging or shopify development he excels in all . Great person and goes above and beyond the scope to complete clients project would definitely work again ,en,2025-08-21T05:36:42,,FO1D65219843,23,425098179,,do-web-scrapping-on-any-shopify-store-using-python,542,,68a5a03f33c0a837ded88a63,False,False,8 days,8 days,8,Up to $50,Up to $50,,0.5,50,,0,False,India,IN,,6,0,,,,,amanjoshi752004,5,,,,,
"This is our third time working with Masab Farooque, and once again, he has delivered exceptional work. His attention to detail, clear communication, and dedication to quality consistently exceed our expectations. Every project we’ve done with him has been smooth, professional, and completed on time. It’s rare to find someone so reliable and consistent—highly recommended!",en,2025-08-08T05:46:02,,FO41AC275BD84,23,441783699,,do-python-web-scraping-data-extraction-and-web-scraper,542,1,689584d17809d7129f3ed9a4,False,False,4 days,4 days,4,Up to $50,Up to $50,,0.5,50,,0,False,India,IN,,6,0,,,,,amanjoshi752004,5,,,,,
"⭐️⭐️⭐️⭐️⭐️
Outstanding Work – Highly Recommended!

I had the pleasure of working with P Scribbles on a project that involved both website optimization and Python automation, and I couldn’t be happier with the results. They quickly understood my requirements, identified areas to improve performance, and implemented clean, efficient code that made a huge difference in both speed and user experience.

What really stood out was their technical expertise, clear communication, and professionalism throughout the process. They not only delivered exactly what I asked for but also suggested improvements I hadn’t considered – saving me time and money in the long run.

If you’re looking for someone reliable, skilled, and easy to work with for web optimization or automation tasks, look no further. I’ll definitely be hiring P Scribbles again!

",en,2025-07-18T15:53:33,,FO61A9DE25382,10,431481678,2041,develop-modern-react-js-or-next-js-web-apps-with-tailwind-and-api-integration,140,,687a66c02a1ca343ca7f0a0c,False,False,3 weeks,3 weeks,19,Up to $50,Up to $50,,0.5,50,,0,False,India,IN,,6,0,,,,,amanjoshi752004,5,,,,,
"Working with Masab Farooque was an absolute pleasure. He delivered outstanding results on a complex Python automation project, exceeding all expectations in both speed and quality. His code was clean, efficient, and exceptionally well-documented. Masab demonstrated deep technical expertise, proactive communication, and a strong understanding of the project requirements from day one. He even suggested improvements that added great value to the outcome.

I highly recommend Masab to anyone looking for a reliable and skilled Python developer. I’ll definitely be working with him again for future automation tasks. 10/10!",en,2025-06-22T09:11:15,,FO513E94C11C1,10,431481678,2041,develop-modern-react-js-or-next-js-web-apps-with-tailwind-and-api-integration,140,,6857c1bb824b33196a80f820,False,False,9 days,9 days,9,Up to $50,Up to $50,,0.5,50,,0,False,India,IN,,6,0,Thank you for your honest review! Glad to be of service.,en,2025-06-24T07:28:19,,amanjoshi752004,5,,,,,
"Working with p_scribbles was smooth and super professional again. I needed data scraped from a men’s clothing store, and he delivered everything exactly as I asked, will definitely work again with him if the situation arises",en,2025-04-16T23:27:27,,FO320DD3FBF87,23,425098179,,do-web-scrapping-on-any-shopify-store-using-python,542,,67ffdb4e8d3ebd71d36bc39f,False,False,1 day,1 day,1,Up to $50,Up to $50,,0.5,50,,0,False,United States,US,,4,0,,,,"https://fiverr-res.cloudinary.com/image/upload/f_auto,q_auto,t_profile_small/v1/attachments/profile/photo/3ccd166c58789b8fef318bb3dd1ca4e8-1733156872988/b0ef3fdf-c93c-4a2f-8a92-80d26bfb2bc9.jpg",zohaib_0ali,5,,,,,
"Outstanding SEO work! Masab delivered excellent results, improving my website’s ranking and traffic significantly. Communication was clear, and they went above and beyond to meet my needs. Highly recommend and will hire again!",en,2025-01-26T22:39:37,,FO826CD62DFC4,2,397393124,2153,do-wordpress-seo-optimization-for-your-new-website,65,,679508e2310c6021aea611bd,False,False,4 days,4 days,4,Up to $50,Up to $50,,,50,,0,False,United States,US,,4,0,Thank you for your honest feedback!,en,2025-01-26T22:40:32,"https://fiverr-res.cloudinary.com/image/upload/f_auto,q_auto,t_profile_small/v1/attachments/profile/photo/3ccd166c58789b8fef318bb3dd1ca4e8-1733156872988/b0ef3fdf-c93c-4a2f-8a92-80d26bfb2bc9.jpg",zohaib_0ali,5,,,,,
Thank you!,en,2022-06-17T13:02:22,,FO517F8DCD605,2,221836726,,publish-your-guest-post-on-a-da50-tech-website,495,,62ac7b51b05f3400010b0416,False,,,,,,,,,50,,0,False,Poland,PL,marketing_or_advertising,107,0,,,,,user49064841,5,,,,,
Exactly as ordered - thanks,en,2021-12-17T16:55:21,,FO61ADCA2C3C6,2,221836726,,publish-your-guest-post-on-a-da50-tech-website,495,,61bcc0ca9223c100013e5180,False,,,,,,,,,50,,0,False,United Kingdom,GB,media_or_entertainment,146,0,,,,"https://fiverr-res.cloudinary.com/image/upload/f_auto,q_auto,t_profile_small/v1/attachments/profile/photo/096f624e2c1562bcada7126d5dca06c0-1639581553891/c4c5157c-5f07-4569-8ca3-aed84ae0e88f.png",excaliburpress,5,,,,,
My go to seller. Always friendly & professional. I'd be so lost without them,en,2021-03-22T06:20:59,,FO2140001C988,10,147054633,2624,create-a-perfect-wordpress-website-a-blog-for-you,515,,6057e5a599b4d90001b75c6f,False,,,,,,,,,100,50,0,False,United States,US,,96,0,,,,"https://fiverr-res.cloudinary.com/image/upload/f_auto,q_auto,t_profile_small/v1/attachments/profile/photo/c096d7f8212fef86b3c8ac3bc683a35b-1762438956664/d946e74a-45fc-4715-8f91-e0dd1455be7f.jpg",lordenzoj,5,,,,,
Always satisfied with the effort and creativity,en,2020-12-09T23:20:59,122951689,FO816E28CDAC4,10,147054633,2624,create-a-perfect-wordpress-website-a-blog-for-you,515,,5fd15970257b490001a819fd,False,,,,,,,,,200,100,0,False,United States,US,,96,0,,,,"https://fiverr-res.cloudinary.com/image/upload/f_auto,q_auto,t_profile_small/v1/attachments/profile/photo/c096d7f8212fef86b3c8ac3bc683a35b-1762438956664/d946e74a-45fc-4715-8f91-e0dd1455be7f.jpg",lordenzoj,5,"https://fiverr-res.cloudinary.com/image/upload/c_limit,f_auto,q_auto,t_smartwm,w_500/v1/attachments/delivery/asset/338a8a7333cbccd2c190aa782d51ee34-1607495899/Xzubia.png",image/png,5fd070dc5d28c1000922cc16,"https://fiverr-res.cloudinary.com/image/upload/f_auto,q_auto,t_smartwm/t_delivery_large/v1/attachments/delivery/asset/338a8a7333cbccd2c190aa782d51ee34-1607495899/Xzubia.png","https://fiverr-res.cloudinary.com/image/upload/f_auto,q_auto,t_smartwm/t_delivery_small/v1/attachments/delivery/asset/338a8a7333cbccd2c190aa782d51ee34-1607495899/Xzubia.png"
Another great project completed beyond expectation with more to come,en,2020-12-05T16:01:18,,FO4F3646CF84,10,136614734,2243,create-an-android-arcade-game-for-you,364,,5fcbae70c0083200018754c3,False,,,,,,,,,400,200,0,False,United States,US,,96,0,,,,"https://fiverr-res.cloudinary.com/image/upload/f_auto,q_auto,t_profile_small/v1/attachments/profile/photo/c096d7f8212fef86b3c8ac3bc683a35b-1762438956664/d946e74a-45fc-4715-8f91-e0dd1455be7f.jpg",lordenzoj,5,,,,,
"This seller is a blessing. After getting the worse possible work from another seller, p_scribbles has not only to help me fix that, but is helping excel a future update at a way lower cost",en,2020-11-27T09:15:41,,FO4F2EDB8384,10,136614734,2243,create-an-android-arcade-game-for-you,364,,5fc0c3a1a7ad910001e97b1f,False,,,,,,,,0.5,200,100,0,False,United States,US,,96,0,,,,"https://fiverr-res.cloudinary.com/image/upload/f_auto,q_auto,t_profile_small/v1/attachments/profile/photo/c096d7f8212fef86b3c8ac3bc683a35b-1762438956664/d946e74a-45fc-4715-8f91-e0dd1455be7f.jpg",lordenzoj,5,,,,,
"Seller is always quick to respond, courtesy, and communicates effectively. One of the most professional seller on Fiverr I've come across to date.",en,2020-11-23T19:28:15,,FO716C09EE1C5,10,136614734,2243,create-an-android-arcade-game-for-you,364,,5fbc0d3af520a000015f73eb,False,,,,,,,,0.5,50,,0,False,United States,US,,96,0,,,,"https://fiverr-res.cloudinary.com/image/upload/f_auto,q_auto,t_profile_small/v1/attachments/profile/photo/c096d7f8212fef86b3c8ac3bc683a35b-1762438956664/d946e74a-45fc-4715-8f91-e0dd1455be7f.jpg",lordenzoj,5,,,,,
Was stuck on an issues and seller helped get me set all up,en,2020-11-14T16:19:56,,FO4B550F5AC2,10,136614734,2243,create-an-android-arcade-game-for-you,364,,5fb0039664cb2400013d4492,False,,,,,,,,,50,,0,False,United States,US,,96,0,,,,"https://fiverr-res.cloudinary.com/image/upload/f_auto,q_auto,t_profile_small/v1/attachments/profile/photo/c096d7f8212fef86b3c8ac3bc683a35b-1762438956664/d946e74a-45fc-4715-8f91-e0dd1455be7f.jpg",lordenzoj,5,,,,,
Very good communication,en,2020-11-09T21:06:48,,FO13C53766C1,10,136614734,2243,create-an-android-arcade-game-for-you,364,,5fa9af39d6cfe90001d645f8,False,,,,,,,,,50,,0,False,Italy,IT,,10,0,,,,"https://fiverr-res.cloudinary.com/image/upload/f_auto,q_auto,t_profile_small/v1/attachments/profile/photo/d98026210a9316a1944fb29fee3d2c18-1772377508844/ef0a1d2a-f050-4145-857c-5ca11dd37ffb.PNG",eddy98,5,,,,,
Thank you!,en,2018-02-18T13:57:43,,FO38B433BDA3,5,26347057,,be-your-assistant-for-online-research-and-its-analysis,169,,5a8986570000000389406543,False,,,,,,,,,50,,,False,United Kingdom,GB,,434,,Outstanding Experience!,en,2018-02-18T13:57:55,,reallifelanguag,5,,,,,
Thank you!,en,2018-02-14T05:20:07,,FO35CD707481,5,26347057,,be-your-assistant-for-online-research-and-its-analysis,169,,5a83c7070000000389398994,False,,,,,,,,,50,,,False,United Kingdom,GB,,434,,Outstanding Experience!,en,2018-02-14T14:59:06,,reallifelanguag,5,,,,,
"thank you
",en,2018-02-10T16:00:15,,FO5E7B8EE0C5,5,26347057,,be-your-assistant-for-online-research-and-its-analysis,169,,5a7f170f0000000388765646,False,,,,,,,,,50,,,False,United Kingdom,GB,,434,,Outstanding Experience!,en,2018-02-10T16:00:42,,reallifelanguag,5,,,,,
Great service​ and high-quality​ paper. 5/5 rating,en,2018-02-05T15:13:47,,FO145358DD62,8,25142387,,research-and-compose-business-and-finance-related-pieces-c52bc32f-3f94-4ea9-bbde-a768ced37715,21,,5a7874ab0000000387045874,False,,,,,,,,,100,50,,False,Japan,JP,,17,,Outstanding Experience!,en,2018-02-05T15:14:08,,nktkobby808,5,,,,,
Great communication!,en,2018-01-18T15:48:45,,FO7FD7736FC4,5,25046732,,provide-you-with-unique-content,107,,5a60c1dd0000000386586228,True,,,,,,,,,50,,,False,Nigeria,NG,,77,,Outstanding Experience!,en,2018-01-18T15:54:01,"https://fiverr-res.cloudinary.com/image/upload/f_auto,q_auto,t_profile_small/v1/profile/photos/64514882/original/photo.jpg",seun1234,5,,,,,
Great work! I am satisfied.,en,2018-01-15T19:01:43,,FO2A1600FBD5,5,25046732,,provide-you-with-unique-content,107,,5a5cfa970000000386775323,False,,,,,,,,,50,,,False,Pakistan,PK,,64,,Outstanding Experience!,en,2018-01-16T07:31:21,,user92768087,5,,,,,
Great work!,en,2018-01-15T19:00:43,,FO5114A4B1F47,5,18551814,,fulfill-all-your-literary-needs,163,,5a5cfa5b0000000386775423,False,,,,,,,,,50,,,False,Pakistan,PK,,64,,Outstanding Experience!,en,2018-01-16T07:32:58,,user92768087,5,,,,,
An Excellent piece written by Penelope. The language is perfect and a bit mystical. Just as I wanted for my travel blog.  Highly recommended.,en,2018-01-02T08:44:40,,FO5E5D6BAEC5,5,26347057,,be-your-assistant-for-online-research-and-its-analysis,169,,5a4b46780000000385605502,False,,,,,,,,,50,,,False,Pakistan,PK,,21,,Really helpful buyer. I would love to work with him again,en,2018-01-03T13:39:01,"https://fiverr-res.cloudinary.com/image/upload/f_auto,q_auto,t_profile_small/v1/attachments/profile/photo/b5988476f7730e06802ec780e3e420f3-1710074562544/2f28aa23-7e5c-4b47-a48b-06cd3a6d4c54.jpg",peter_denial,5,,,,,
Superb experience. Certainly will order again.,en,2017-11-25T01:29:57,,FO59FAD8FEF2,5,26347057,,be-your-assistant-for-online-research-and-its-analysis,169,,5a18c7950000000382707417,False,,,,,,,,,50,,,False,United States,US,,12,,,,,"https://fiverr-res.cloudinary.com/image/upload/f_auto,q_auto,t_profile_small/v1/profile/photos/4223614/original/1418677580181_facebook20141215-9879-1jswkbe.jpg",adeladel1,5,,,,,
Seller was easy to work with.,en,2017-09-11T20:58:32,,,5,25141932,,research-and-compose-business-and-finance-related-pieces,121,,59b6f8f80000000375867780,False,,,,,,,,,50,,,False,United States,US,,15,,Outstanding Experience. Really helpful buyer. ,en,2017-09-11T21:20:56,,secretcloset360,4,,,,,
Outstanding Experience!,en,2017-07-30T01:22:54,,,5,45557699,,write-product-descriptions-and-reviews,121,,597d34ee0000000371549668,False,,,,,,,,,50,,,False,United Kingdom,GB,,1355,,Outstanding Experience!,en,2017-07-31T15:21:10,"https://fiverr-res.cloudinary.com/image/upload/f_auto,q_auto,t_profile_small/v1/profile/photos/1383414/original/81dcc08d4e8eae50952dea863a2e-660x551.jpg",gemmahayes,5,,,,,
Good Experience!,en,2017-07-09T20:52,,,5,25141932,,research-and-compose-business-and-finance-related-pieces,121,,596297700000000370006321,False,,,,,,,,,100,50,,False,New Zealand,NZ,,11,,Outstanding Experience!,en,2017-07-10T04:35:11,"https://fiverr-res.cloudinary.com/image/upload/f_auto,q_auto,t_profile_small/v1/profile/photos/2905298/original/Feb_BW2.png",karinnz,4.7,,,,,
Excellent experience!,en,2017-06-11T07:53:34,,,5,26347057,,be-your-assistant-for-online-research-and-its-analysis,169,,593cf6fe0000000367770985,False,,,,,,,,,50,,,False,United States,US,,16,,Great recurring buyer.,en,2017-06-11T20:16:02,"https://fiverr-res.cloudinary.com/image/upload/f_auto,q_auto,t_profile_small/v1/profile/photos/3452171/original/books.jpg",mseals,5,,,,,
Outstanding Experience!,en,2017-06-08T12:32:39,,,5,26347057,,be-your-assistant-for-online-research-and-its-analysis,169,,593943e70000000367420358,False,,,,,,,,,50,,,False,United States,US,education,22,,Outstanding Experience!,en,2017-06-08T20:49:12,"https://fiverr-res.cloudinary.com/image/upload/f_auto,q_auto,t_profile_small/v1/profile/photos/32367212/original/10006971_10205594861090844_1704420172191418126_n.jpg",orsa1965,5,,,,,
Excellent work and experience with this seller!!,en,2017-06-07T14:37:44,,,5,26347057,,be-your-assistant-for-online-research-and-its-analysis,169,,59380fb80000000367222579,False,,,,,,,,,50,,,False,United States,US,,16,,Great recurring buyer.,en,2017-06-11T06:11:47,"https://fiverr-res.cloudinary.com/image/upload/f_auto,q_auto,t_profile_small/v1/profile/photos/3452171/original/books.jpg",mseals,5,,,,,
"Well I was charged and didn't receive my order, I mean not anything. ",en,2017-04-23T19:30:44,,,5,25141932,,research-and-compose-business-and-finance-related-pieces,121,,58fd00e40000000363464991,False,,,,,,,,,50,,,False,United States,US,,24,,,,,"https://fiverr-res.cloudinary.com/image/upload/f_auto,q_auto,t_profile_small/v1/attachments/profile/photo/a02a0b7c795220464631f5906ecb980e-1709132182991/03d5af54-f948-4291-8dd0-ba27ce299ed9.png",nytoyiawindon,1,,,,,
Fantastic Job as usual! You rock!,en,2017-04-22T19:12:17,,,5,26347057,,be-your-assistant-for-online-research-and-its-analysis,169,,58fbab110000000363327785,False,,,,,,,,,50,,,False,United States,US,,87,,Outstanding Experience!,en,2017-04-22T19:14:47,"https://fiverr-res.cloudinary.com/image/upload/f_auto,q_auto,t_profile_small/v1/profile/photos/6208423/original/1452742514507_Profile.png",carlynpipkins,5,,,,,
Outstanding Experience!,en,2017-04-22T14:18:44,,,5,26347057,,be-your-assistant-for-online-research-and-its-analysis,169,,58fb66440000000363201306,False,,,,,,,,,50,,,False,United Kingdom,GB,,434,,,,,,reallifelanguag,5,,,,,
Excellent work as usual. Thank you sooooo much for your help. You have no idea how much it means to me.,en,2017-04-16T19:02:33,,,5,26347057,,be-your-assistant-for-online-research-and-its-analysis,169,,58f3bfc90000000362669638,False,,,,,,,,,50,,,False,United States,US,,87,,Always great working with you.,en,2017-04-16T19:03:18,"https://fiverr-res.cloudinary.com/image/upload/f_auto,q_auto,t_profile_small/v1/profile/photos/6208423/original/1452742514507_Profile.png",carlynpipkins,5,,,,,
Outstanding Experience!,en,2017-04-14T05:04:26,,,8,25142387,,research-and-compose-business-and-finance-related-pieces-c52bc32f-3f94-4ea9-bbde-a768ced37715,21,,58f0585a0000000361142850,False,,,,,,,,,50,,,False,United Kingdom,GB,,434,,Great Experience!!,en,2017-04-19T16:39:23,,reallifelanguag,5,,,,,
You Rock!!! Another amazing job. Will continue to be a loyal customer.,en,2017-04-08T21:28:51,,,5,26347057,,be-your-assistant-for-online-research-and-its-analysis,169,,58e956130000000362530049,False,,,,,,,,,50,,,False,United States,US,,87,,Great Experience!,en,2017-04-21T15:10:43,"https://fiverr-res.cloudinary.com/image/upload/f_auto,q_auto,t_profile_small/v1/profile/photos/6208423/original/1452742514507_Profile.png",carlynpipkins,5,,,,,
Outstanding Experience!,en,2017-04-08T07:56:18,,,5,26347057,,be-your-assistant-for-online-research-and-its-analysis,169,,58e897a20000000361111049,False,,,,,,,,,50,,,False,Netherlands,NL,art_and_design,41,,Great frequent buyer!,en,2017-04-08T10:43:57,"https://fiverr-res.cloudinary.com/image/upload/f_auto,q_auto,t_profile_small/v1/attachments/profile/photo/d75bf7f8d718483f08b2541b6031995f-1504258238048/bd247cde-39d0-49be-b3bb-2b0dd54ea245.jpg",sitereid,5,,,,,
The hashtags were mis spelled i  didn't get to see it but beggars can't be choosers I guess ,en,2017-04-04T19:45:05,,,5,25046732,,provide-you-with-unique-content,107,,58e3f7c10000000360454981,False,,,,,,,,,50,,,False,United States,US,,336,,Good experience.,en,2017-04-08T10:43:19,"https://fiverr-res.cloudinary.com/image/upload/f_auto,q_auto,t_profile_small/v1/profile/photos/20453270/original/eyemsoeyeze_ss0506.jpg",eyemsoeyeze,4,,,,,
Thank you so much for your help. I will be back to use your services again. Very professional and prompt. Great Job.,en,2017-04-04T17:29:07,,,5,26347057,,be-your-assistant-for-online-research-and-its-analysis,169,,58e3d7e30000000360795993,False,,,,,,,,,50,,,False,United States,US,,87,,Outstanding Experience!,en,2017-04-04T17:29:26,"https://fiverr-res.cloudinary.com/image/upload/f_auto,q_auto,t_profile_small/v1/profile/photos/6208423/original/1452742514507_Profile.png",carlynpipkins,5,,,,,
"Really good quality paper, written with the attention to all the guidelines! 100% recommended!",en,2017-03-28T10:09:09,,,5,26347057,,be-your-assistant-for-online-research-and-its-analysis,169,,58da36450000000349058365,False,,,,,,,,,100,50,,False,Denmark,DK,,6,,Outstanding Experience!,en,2017-03-28T16:50:15,"https://fiverr-res.cloudinary.com/image/upload/f_auto,q_auto,t_profile_small/v1/profile/photos/60396292/original/Drawing_%289%291.png",copentours,5,,,,,
Good Experience!,en,2017-03-09T18:30:31,,,5,26347057,,be-your-assistant-for-online-research-and-its-analysis,169,,58c19f470000000342777811,False,,,,,,,,,50,,,False,United States,US,,69,,Great experience.,en,2017-03-21T03:26:54,,maywood3114,4,,,,,
Outstanding Experience!,en,2017-03-02T20:42:50,,,5,26347057,,be-your-assistant-for-online-research-and-its-analysis,169,,58b883ca0000000339421332,False,,,,,,,,,50,,,False,United Kingdom,GB,,434,,Outstanding Experience!,en,2017-03-03T11:09:25,,reallifelanguag,5,,,,,
Satisfactory Experience,unknown,2017-02-24T03:26:49,,,5,25141932,,research-and-compose-business-and-finance-related-pieces,121,,58afa7f90000000332366890,False,,,,,,,,,200,100,,False,New Zealand,NZ,,11,,Hoping to work with her again.,en,2017-02-28T08:40:17,"https://fiverr-res.cloudinary.com/image/upload/f_auto,q_auto,t_profile_small/v1/profile/photos/2905298/original/Feb_BW2.png",karinnz,3.7,,,,,
"Was a really well thought out report and I am so, so happy with it!",en,2017-02-05T18:30:58,,,5,25141932,,research-and-compose-business-and-finance-related-pieces,121,,58976f620000000322198875,False,,,,,,,,,50,,,False,Singapore,SG,,2,,A pretty fun job. Clear and detailed instructions by the buyer.,en,2017-02-06T09:19:04,,berlondon,5,,,,,
Outstanding Experience!,en,2017-02-04T18:38:28,,,5,45557699,,write-product-descriptions-and-reviews,121,,58961fa40000000322623054,False,,,,,,,,,50,,,False,United Kingdom,GB,,1355,,Great regular buyer!,en,2017-02-05T14:39:54,"https://fiverr-res.cloudinary.com/image/upload/f_auto,q_auto,t_profile_small/v1/profile/photos/1383414/original/81dcc08d4e8eae50952dea863a2e-660x551.jpg",gemmahayes,5,,,,,
Good Experience!,en,2017-01-30T10:58:51,,,5,25141932,,research-and-compose-business-and-finance-related-pieces,121,,588f1c6b0000000319011614,False,,,,,,,,,50,,,False,United Kingdom,GB,financial_services_or_banking,52,,Great!!,en,2017-01-30T19:21:40,,efficientriz,4.3,,,,,
"was good, actually great.",en,2017-01-25T03:36:43,,,5,26347057,,be-your-assistant-for-online-research-and-its-analysis,169,,58881d4b0000000314706705,False,,,,,,,,,50,,,False,United States,US,,50,,Outstanding Experience!,en,2017-01-25T05:58:20,"https://fiverr-res.cloudinary.com/image/upload/f_auto,q_auto,t_profile_small/v1/profile/photos/24811604/original/abfc3205-84ba-4070-81ce-1815b9db2477.JPG",fredmamona,5,,,,,
Outstanding Experience!,en,2017-01-20T20:13:53,,,5,26347057,,be-your-assistant-for-online-research-and-its-analysis,169,,58826f810000000314411662,False,,,,,,,,,50,,,False,Canada,CA,non_profit,31,,Outstanding Experience!,en,2017-01-20T20:14:26,"https://fiverr-res.cloudinary.com/image/upload/f_auto,q_auto,t_profile_small/v1/profile/photos/42759277/original/Susan_TA.jpg",susangeorge,5,,,,,
"Awesome, thx again!",en,2017-01-15T11:45:44,,,5,26347057,,be-your-assistant-for-online-research-and-its-analysis,169,,587b60e80000000311421283,False,,,,,,,,,50,,,False,Netherlands,NL,art_and_design,41,,Awesome repeat buyer. Looking forward to working with you again.,en,2017-01-15T11:47:20,"https://fiverr-res.cloudinary.com/image/upload/f_auto,q_auto,t_profile_small/v1/attachments/profile/photo/d75bf7f8d718483f08b2541b6031995f-1504258238048/bd247cde-39d0-49be-b3bb-2b0dd54ea245.jpg",sitereid,5,,,,,
The writer gave me better and more research than I expected . . . and it was well researched.,en,2017-01-13T21:42:45,,,5,26347057,,be-your-assistant-for-online-research-and-its-analysis,169,,587949d50000000310422780,False,,,,,,,,,50,,,False,Canada,CA,non_profit,31,,Great helpful buyer with clear instructions. Looking forward to working with her again.,en,2017-01-14T08:22:45,"https://fiverr-res.cloudinary.com/image/upload/f_auto,q_auto,t_profile_small/v1/profile/photos/42759277/original/Susan_TA.jpg",susangeorge,4.7,,,,,
Outstanding Experience!,en,2017-01-12T12:05:25,,,5,26347057,,be-your-assistant-for-online-research-and-its-analysis,169,,587771050000000308698137,False,,,,,,,,,50,,,False,Netherlands,NL,art_and_design,41,,Great buyer with clear helpful instructions.,en,2017-01-14T08:21:42,"https://fiverr-res.cloudinary.com/image/upload/f_auto,q_auto,t_profile_small/v1/attachments/profile/photo/d75bf7f8d718483f08b2541b6031995f-1504258238048/bd247cde-39d0-49be-b3bb-2b0dd54ea245.jpg",sitereid,5,,,,,
Outstanding Experience!,en,2017-01-03T19:09:49,,,5,26347057,,be-your-assistant-for-online-research-and-its-analysis,169,,586bf6fd0000000304489317,False,,,,,,,,,200,100,,False,United Kingdom,GB,,22,,Outstanding Experience!,en,2017-01-04T15:32:35,,lenalinn7,5,,,,,
Outstanding Experience!,en,2017-01-03T19:09:36,,,5,26347057,,be-your-assistant-for-online-research-and-its-analysis,169,,586bf6f00000000304487896,False,,,,,,,,,200,100,,False,United Kingdom,GB,,22,,Outstanding Experience!,en,2017-01-04T08:52:47,,lenalinn7,5,,,,,
Outstanding Experience!,en,2017-01-03T19:09:15,,,5,26347057,,be-your-assistant-for-online-research-and-its-analysis,169,,586bf6db0000000304489632,False,,,,,,,,,200,100,,False,United Kingdom,GB,,22,,Outstanding Experience!,en,2017-01-04T08:44:53,,lenalinn7,5,,,,,
I was a little nervous after the first review however seller did an awesome job! Really appreciate it!,en,2017-01-03T18:52:03,,,5,26347057,,be-your-assistant-for-online-research-and-its-analysis,169,,586bf2d30000000304896549,False,,,,,,,,,50,,,False,United Kingdom,GB,,4,,Good Experience!,en,2017-01-03T20:55:03,"https://fiverr-res.cloudinary.com/image/upload/f_auto,q_auto,t_profile_small/v1/attachments/profile/photo/621e369a826a5339d6f17c8bfe82dd86-1756414305800/e39efca6-3050-4121-aadc-e15909598785.JPG",mrsdreamer03,4.3,,,,,
"Great as always, thanks",en,2016-12-30T20:37:53,,,5,45557699,,write-product-descriptions-and-reviews,121,,5866c5a10000000304063010,False,,,,,,,,,50,,,False,United Kingdom,GB,,1355,,Great regular buyer.,en,2016-12-31T13:22:07,"https://fiverr-res.cloudinary.com/image/upload/f_auto,q_auto,t_profile_small/v1/profile/photos/1383414/original/81dcc08d4e8eae50952dea863a2e-660x551.jpg",gemmahayes,5,,,,,
Outstanding Experience!,en,2016-12-21T03:26:45,,,5,26347057,,be-your-assistant-for-online-research-and-its-analysis,169,,5859f6750000000298539843,False,,,,,,,,,100,50,,False,United States,US,"events_planning, sports_and_fitness",78,,looking forward to working with you again,en,2016-12-23T03:32:34,,breakten,5,,,,,
thanks,unknown,2016-12-09T13:04:10,,,5,25046732,,provide-you-with-unique-content,107,,584aabca0000000291766547,False,,,,,,,,,50,,,False,United States,US,,638,,Great experience,en,2016-12-14T14:24:13,"https://fiverr-res.cloudinary.com/image/upload/f_auto,q_auto,t_profile_small/v1/attachments/profile/photo/a9f5e08b5dcb585fa7ddf93a17c2c5ae-1549385371210/7000865a-3621-40c3-98d2-67c730a49f08.jpg",freelancer1,5,,,,,
i request so many reviews and she did it. amazing and happy so far =) THANK,en,2016-12-04T21:10:14,,,5,26347057,,be-your-assistant-for-online-research-and-its-analysis,169,,584486360000000292168643,False,,,,,,,,,50,,,False,United States,US,,3,,Outstanding Experience!,en,2016-12-05T18:48:08,"https://fiverr-res.cloudinary.com/image/upload/f_auto,q_auto,t_profile_small/v1/profile/photos/51001995/original/photo.jpg",shirleycabrera,5,,,,,
Good Experience!,en,2016-12-03T19:47:42,,,5,26347057,,be-your-assistant-for-online-research-and-its-analysis,169,,5843215e0000000284585875,False,,,,,,,,,50,,,False,Netherlands,NL,,3,,Outstanding Experience!,en,2016-12-05T18:46:56,,user60935065,4.7,,,,,
Satisfactory Experience,unknown,2016-11-30T19:19:39,,,5,26347057,,be-your-assistant-for-online-research-and-its-analysis,169,,583f264b0000000288029147,False,,,,,,,,,50,,,False,Canada,CA,,6,,Outstanding Experience!,en,2016-12-03T21:07:18,,gdheer,4.7,,,,,
Outstanding Experience!,en,2016-11-28T20:42:32,,,5,25046732,,provide-you-with-unique-content,107,,583c96b80000000280721355,False,,,,,,,,,50,,,False,Netherlands,NL,,90,,Helpful buyer.,en,2016-11-28T20:59:54,"https://fiverr-res.cloudinary.com/image/upload/f_auto,q_auto,t_profile_small/v1/profile/photos/35711329/original/logo.png",bestnetent,5,,,,,
Outstanding Experience!,en,2016-11-27T13:59:37,,,5,26347057,,be-your-assistant-for-online-research-and-its-analysis,169,,583ae6c90000000286003179,False,,,,,,,,,50,,,False,United States,US,,19,,Outstanding Experience!,en,2016-12-05T18:37:35,"https://fiverr-res.cloudinary.com/image/upload/f_auto,q_auto,t_profile_small/v1/profile/photos/46915731/original/12391230_1083673798350868_7219324359557595579_n.jpg",leomoba,5,,,,,
Outstanding Experience!,en,2016-11-23T11:56:15,,,5,45557699,,write-product-descriptions-and-reviews,121,,583583df0000000285875187,False,,,,,,,,,50,,,False,United Kingdom,GB,,1355,,Great regular buyer.,en,2016-11-23T16:04:50,"https://fiverr-res.cloudinary.com/image/upload/f_auto,q_auto,t_profile_small/v1/profile/photos/1383414/original/81dcc08d4e8eae50952dea863a2e-660x551.jpg",gemmahayes,5,,,,,
Outstanding Experience!,en,2016-11-21T14:44:34,,,5,45557699,,write-product-descriptions-and-reviews,121,,583308520000000277840227,False,,,,,,,,,50,,,False,United Kingdom,GB,,1355,,Helpful Buyer,en,2016-11-21T15:59,"https://fiverr-res.cloudinary.com/image/upload/f_auto,q_auto,t_profile_small/v1/profile/photos/1383414/original/81dcc08d4e8eae50952dea863a2e-660x551.jpg",gemmahayes,5,,,,,
Extremely detailed work. Easy to read and proper grammar. ,en,2016-11-20T03:59:14,,,5,26347057,,be-your-assistant-for-online-research-and-its-analysis,169,,58311f920000000281290355,False,,,,,,,,,100,50,,False,United States,US,,13,,Great,en,2016-11-21T15:58:35,,jcarlito,5,,,,,
Outstanding Experience!,en,2016-11-17T21:08:28,,,5,26347057,,be-your-assistant-for-online-research-and-its-analysis,169,,582e1c4c0000000281289499,False,,,,,,,,,50,,,False,United States,US,,8,,Outstanding Experience!,en,2016-11-21T15:56:48,"https://fiverr-res.cloudinary.com/image/upload/f_auto,q_auto,t_profile_small/v1/attachments/profile/photo/48d3d5ff77f0dca6198ceedc12c4276f-312611901697121074.532577/EEBCB361-8798-4DD6-93FC-F29B48D02326",rhinozxy,5,,,,,
Outstanding Experience!,en,2016-11-15T15:55:40,,,5,26347057,,be-your-assistant-for-online-research-and-its-analysis,169,,582b2ffc0000000279129723,False,,,,,,,,,50,,,False,United States,US,education,22,,"Helpful Buyer
",en,2016-11-15T15:56:50,"https://fiverr-res.cloudinary.com/image/upload/f_auto,q_auto,t_profile_small/v1/profile/photos/32367212/original/10006971_10205594861090844_1704420172191418126_n.jpg",orsa1965,5,,,,,
well done ,en,2016-11-14T20:13:31,,,5,26347057,,be-your-assistant-for-online-research-and-its-analysis,169,,582a1aeb0000000280210555,False,,,,,,,,,50,,,False,United States,US,,19,,"Great buyer
",en,2016-11-15T04:15:08,"https://fiverr-res.cloudinary.com/image/upload/f_auto,q_auto,t_profile_small/v1/profile/photos/46915731/original/12391230_1083673798350868_7219324359557595579_n.jpg",leomoba,5,,,,,
Outstanding Experience!,en,2016-11-12T12:15:59,,,5,25141932,,research-and-compose-business-and-finance-related-pieces,121,,582707ff0000000278687875,False,,,,,,,,,50,,,False,Singapore,SG,,10,,Great,en,2016-11-13T14:01:55,"https://fiverr-res.cloudinary.com/image/upload/f_auto,q_auto,t_profile_small/v1/profile/photos/49077931/original/600_FB-messenger_code_574122916115679.png",tmppasingapore,5,,,,,
Awesome work. thanks!,en,2016-11-11T01:25:10,,,5,45557699,,write-product-descriptions-and-reviews,121,,58251df60000000278253027,False,,,,,,,,,50,,,False,United Kingdom,GB,,1355,,Great buyer. I actually find the books I am reviewing quite helpful.,en,2016-11-11T16:26:36,"https://fiverr-res.cloudinary.com/image/upload/f_auto,q_auto,t_profile_small/v1/profile/photos/1383414/original/81dcc08d4e8eae50952dea863a2e-660x551.jpg",gemmahayes,5,,,,,
"Great service, thanks!",en,2016-11-06T21:16:54,,,5,45557699,,write-product-descriptions-and-reviews,121,,581f9dc60000000276258667,False,,,,,,,,,50,,,False,United Kingdom,GB,,1355,,Great experience. Looking forward to the next job.,en,2016-11-07T18:01:02,"https://fiverr-res.cloudinary.com/image/upload/f_auto,q_auto,t_profile_small/v1/profile/photos/1383414/original/81dcc08d4e8eae50952dea863a2e-660x551.jpg",gemmahayes,5,,,,,
Great! Thanks,en,2016-11-05T02:53:53,,,5,18551814,,fulfill-all-your-literary-needs,163,,581d49c10000000257226203,False,,,,,,,,,400,200,,False,Kuwait,KW,,65,,Very thorough but helpful buyer.,en,2016-11-06T09:52:01,,q8yeeee,5,,,,,
Satisfactory Experience,unknown,2016-10-26T08:46:43,,,5,25046732,,provide-you-with-unique-content,107,,58106d730000000266946355,True,,,,,,,,,50,,,False,United Kingdom,GB,,30,,Gives good feedback.,en,2016-10-29T14:22:56,"https://fiverr-res.cloudinary.com/image/upload/f_auto,q_auto,t_profile_small/v1/profile/photos/9456922/original/DSCF4788.JPG",mytruenorth,3.3,,,,,
Outstanding Experience!,en,2016-10-24T23:22:01,,,5,26347057,,be-your-assistant-for-online-research-and-its-analysis,169,,580e97990000000269086467,False,,,,,,,,,50,,,False,United States,US,,19,,Great helpful buyer. Looking forward to the next job.,en,2016-10-29T14:21:48,"https://fiverr-res.cloudinary.com/image/upload/f_auto,q_auto,t_profile_small/v1/profile/photos/46915731/original/12391230_1083673798350868_7219324359557595579_n.jpg",leomoba,5,,,,,
well done . really fast and amazing work . i would like to order more ,en,2016-10-24T23:19:47,,,5,26347057,,be-your-assistant-for-online-research-and-its-analysis,169,,580e97130000000268734395,False,,,,,,,,,100,50,,False,United States,US,,19,,Great helpful buyer. Looking forward to the next job.,en,2016-10-29T14:21:12,"https://fiverr-res.cloudinary.com/image/upload/f_auto,q_auto,t_profile_small/v1/profile/photos/46915731/original/12391230_1083673798350868_7219324359557595579_n.jpg",leomoba,5,,,,,
Great work,en,2016-10-24T22:07:20,,,5,25141932,,research-and-compose-business-and-finance-related-pieces,121,,580e86180000000268645107,False,,,,,,,,,50,,,False,United States,US,,314,,Looking forward to the next job.,en,2016-10-29T14:20:24,,maxunger5,5,,,,,
"very satisfied with the persuasive content and research. We hope to continue seeing the same results, thank you!",en,2016-10-18T15:37:26,,,5,26347057,,be-your-assistant-for-online-research-and-its-analysis,169,,580641b60000000263584995,False,,,,,,,,,100,50,,False,United States,US,,5,,Provides clear instructions on the required to work. Great tipper too!!,en,2016-10-18T15:56:28,,cliffro,5,,,,,
Very happy with the result and I'll definitely be ordering again.  Thanks!!,en,2016-10-17T01:37:50,,,5,26347057,,be-your-assistant-for-online-research-and-its-analysis,169,,58042b6e0000000263058707,False,,,,,,,,,50,,,False,New Zealand,NZ,,11,,"Great buyer, provides extremely detailed instructions of the task making the job a whole lot easier.",en,2016-10-17T03:08,"https://fiverr-res.cloudinary.com/image/upload/f_auto,q_auto,t_profile_small/v1/profile/photos/2905298/original/Feb_BW2.png",karinnz,5,,,,,
Thanks for your finished product. I will use you again soon. I appreciate your service.,en,2016-10-13T03:47:54,,,5,26347057,,be-your-assistant-for-online-research-and-its-analysis,169,,57ff03ea0000000260798099,False,,,,,,,,,100,50,,False,United States,US,,5,,Great experience. Gives clear helpful instructions. Good tipper too.,en,2016-10-13T13:31:12,,cliffro,5,,,,,
"Great work, thanks!",en,2016-10-01T10:36:23,,,5,25046732,,provide-you-with-unique-content,107,,57ef91a70000000255464011,False,,,,,,,,,50,,,False,Germany,DE,,7,,very clear and helpful buyer.,en,2016-10-01T10:45:08,,user01196124,5,,,,,
"Thanks for the great work you contributed to this blog article
http://www.limitlessmindset.com/blog/limitless-lifestyle/1364-boycott-bayer-alternatives-drugs-products",en,2016-09-27T07:01:15,,,5,26347057,,be-your-assistant-for-online-research-and-its-analysis,169,,57ea193b0000000249517403,False,,,,,,,,,50,,,False,United States,US,medical_or_pharmaceutical,258,,A really cooperative and helpful buyer.,en,2016-09-27T13:45:55,"https://fiverr-res.cloudinary.com/image/upload/f_auto,q_auto,t_profile_small/v1/profile/photos/136917/original/JRFranceThumb.jpg",jroseland,5,,,,,
Very good and thorough work. I was really happy with it and it was delivered on time.,en,2016-09-21T18:14:54,,,5,26347057,,be-your-assistant-for-online-research-and-its-analysis,169,,57e2ce1e0000000249264395,False,,,,,,,,,50,,,False,United States,US,,6,,A pretty great experience.,en,2016-09-21T19:46:16,,darioherrera,5,,,,,
Outstanding Experience!,en,2016-09-20T17:40:55,,,5,45557699,,write-product-descriptions-and-reviews,121,,57e174a70000000249678147,False,,,,,,,,,50,,,False,India,IN,,15,,Great buyer.,en,2016-09-20T17:59:12,,user98804994,5,,,,,
Good Experience!,en,2016-08-20T11:15:44,,,5,25046732,,provide-you-with-unique-content,107,,57b83be00000000232164661,False,,,,,,,,,50,,,False,Estonia,EE,transportation_or_automotive,158,,Great experience. Gives helpful feedback.,en,2016-08-23T17:18:47,"https://fiverr-res.cloudinary.com/image/upload/f_auto,q_auto,t_profile_small/v1/attachments/placeholders/file_no_longer_available.jpg",pk2000,4.7,,,,,
very good service. thank you very much ,en,2016-08-16T02:13:57,,,5,18551814,,fulfill-all-your-literary-needs,163,,57b276e50000000221758705,False,,,,,,,,,50,,,False,China,CN,,188,,Excellent experience,en,2016-08-16T02:21:57,,user94666027,5,,,,,
Good Experience!,en,2016-08-07T16:17:08,,,23,45642844,,do-data-analysis-and-reports,453,,57a75f040000000227293429,False,,,,,,,,,50,,,False,Switzerland,CH,,7,,A really good employer,en,2016-08-07T20:19:12,,johannesfritz,4.7,,,,,
Satisfactory Experience,unknown,2016-06-29T04:58:51,,,5,26347057,,be-your-assistant-for-online-research-and-its-analysis,169,,5773558b0000000199312145,False,,,,,,,,,50,,,False,India,IN,,13,,Good experience but buyer lacked in sound communication,en,2016-06-29T08:51:07,,svivek88,3.3,,,,,
Great job following directions & delivering the product! ,en,2016-06-28T18:29:43,45162145,,5,45557699,,write-product-descriptions-and-reviews,121,,5772c2170000000206618809,False,,,,,,,,,50,,,False,United States,US,real_estate,16,,Awesome Experience. Hoping to work with you again,en,2016-06-28T18:43:14,"https://fiverr-res.cloudinary.com/image/upload/f_auto,q_auto,t_profile_small/v1/profile/photos/3371282/original/Achievers_logo.jpg",achieversrealty,5,"https://fiverr-res.cloudinary.com/image/upload/c_limit,f_auto,q_auto,t_smartwm,w_500/v1/deliveries/45162145/original/advertising-services_ws_1466840590.png",image/png,5d4177b00ef535752bd5dc7e,"https://fiverr-res.cloudinary.com/image/upload/f_auto,q_auto,t_smartwm/t_delivery_large/v1/deliveries/45162145/original/advertising-services_ws_1466840590.png","https://fiverr-res.cloudinary.com/image/upload/f_auto,q_auto,t_smartwm/t_delivery_small/v1/deliveries/45162145/original/advertising-services_ws_1466840590.png"
Very fast. I definitely will order again.,en,2016-06-24T08:50:22,,,5,25046732,,provide-you-with-unique-content,107,,576cf44e0000000205706401,False,,,,,,,,,50,,,False,Germany,DE,,21,,Outstanding Experience!,en,2016-06-24T09:02:58,"https://fiverr-res.cloudinary.com/image/upload/f_auto,q_auto,t_profile_small/v1/profile/photos/23085368/original/LogoLayer.png",ppatch,4.7,,,,,
outstanding thanks for you works,en,2016-06-15T12:34:22,,,5,26347057,,be-your-assistant-for-online-research-and-its-analysis,169,,57614b4e0000000200272345,False,,,,,,,,,100,50,,False,Hong Kong,HK,education,194,,excellent experience,en,2016-06-15T12:36:54,"https://fiverr-res.cloudinary.com/image/upload/f_auto,q_auto,t_profile_small/v1/attachments/profile/photo/08b4e2e5614e577252918a013e13e0b0-1686717366169/eba54ad2-aaee-401d-99d3-a3581e5d2da2.jpg",stockhom,5,,,,,
Outstanding experience! very clean and neat work. Thank you . Hoping to work again.,en,2016-05-19T20:42:31,,,5,26347057,,be-your-assistant-for-online-research-and-its-analysis,169,,573e25370000000186270804,False,,,,,,,,,100,50,,False,United Kingdom,GB,,6,,"Great to work with. Clear, understanding and helpful.",en,2016-05-21T16:39:25,,rocong,5,,,,,
Great work.Looking forward to work with you again,en,2016-05-03T20:23:12,,,8,25142387,,research-and-compose-business-and-finance-related-pieces-c52bc32f-3f94-4ea9-bbde-a768ced37715,21,,572908b00000000181715642,False,,,,,,,,,50,,,False,Pakistan,PK,,1,,Excellent experience,en,2016-05-03T20:23:57,"https://fiverr-res.cloudinary.com/image/upload/f_auto,q_auto,t_profile_small/v1/profile/photos/21398744/original/10887130_327551774106630_3886964236949263476_o.jpg",hassaan4095,5,,,,,
Very good work. Thank you for communication and delivery of agreed order. Will work with again. Place your orders with confidence. A++,en,2016-04-27T16:39:07,,,8,25142387,,research-and-compose-business-and-finance-related-pieces-c52bc32f-3f94-4ea9-bbde-a768ced37715,21,,5720eb2b0000000178003562,False,,,,,,,,,50,,,False,United States,US,,40,,Good Experience!,en,2016-04-27T16:47:48,,cva2009,4.7,,,,,
great work i'm very  glad to work with u ,en,2016-04-21T07:39:30,,,8,25142387,,research-and-compose-business-and-finance-related-pieces-c52bc32f-3f94-4ea9-bbde-a768ced37715,21,,571883b20000000177083366,False,,,,,,,,,100,50,,False,Maldives,MV,,5,,Would definitely like to work with him again!!,en,2016-04-21T13:21:48,"https://fiverr-res.cloudinary.com/image/upload/f_auto,q_auto,t_profile_small/v1/profile/photos/27624002/original/1457358196829_facebook20160307-7261-aeyumd.jpg",parksung,5,,,,,
"Proactive, organized. A great part of my team",en,2016-04-20T18:17:23,,,8,25142387,,research-and-compose-business-and-finance-related-pieces-c52bc32f-3f94-4ea9-bbde-a768ced37715,21,,5717c7b30000000176937758,True,,,,,,,,,100,50,,False,United States,US,,52,,Outstanding Experience!,en,2016-04-20T18:18:16,"https://fiverr-res.cloudinary.com/image/upload/f_auto,q_auto,t_profile_small/v1/profile/photos/4259254/original/2014-05-08_23.31.29.jpg",swat1111,5,,,,,
Outstanding work.  Highly dedicate and motivated,en,2016-04-13T15:30:47,,,8,25142387,,research-and-compose-business-and-finance-related-pieces-c52bc32f-3f94-4ea9-bbde-a768ced37715,21,,570e66270000000172964798,True,,,,,,,,,200,100,,False,United States,US,,52,,"Really works with you, clarifying everything you need. Great tipper too.",en,2016-04-15T13:47:01,"https://fiverr-res.cloudinary.com/image/upload/f_auto,q_auto,t_profile_small/v1/profile/photos/4259254/original/2014-05-08_23.31.29.jpg",swat1111,5,,,,,
Outstanding Experience!,en,2016-04-11T19:03:43,,,5,25046732,,provide-you-with-unique-content,107,,570bf50f0000000172324112,False,,,,,,,,,50,,,False,United Kingdom,GB,marketing_or_advertising,8,,Outstanding Experience!,en,2016-04-11T19:04:35,"https://fiverr-res.cloudinary.com/image/upload/f_auto,q_auto,t_profile_small/v1/attachments/profile/photo/1bad54a4d16c60e7029fd6c8e19c345c-1582204558494/55dc2383-f119-4ee7-963a-fc9403612f64.jpg",guillek5,5,,,,,
Penelope did a great job with my 4-5 page paper and on time as well! ,en,2016-04-10T17:21:07,,,5,26347057,,be-your-assistant-for-online-research-and-its-analysis,169,,570a8b830000000172814276,False,,,,,,,,,50,,,False,United States,US,,97,,Outstanding Experience!,en,2016-04-10T17:22:02,"https://fiverr-res.cloudinary.com/image/upload/f_auto,q_auto,t_profile_small/v1/profile/photos/16358025/original/IMG_0657.JPG",gadgetlover,5,,,,,
Solid writing. Able to grasp the assignment easily,en,2016-04-07T14:36:38,,,5,25141932,,research-and-compose-business-and-finance-related-pieces,121,,570670760000000170823554,True,,,,,,,,,100,50,,False,United States,US,,52,,Good Experience!,en,2016-04-07T20:34:44,"https://fiverr-res.cloudinary.com/image/upload/f_auto,q_auto,t_profile_small/v1/profile/photos/4259254/original/2014-05-08_23.31.29.jpg",swat1111,3.7,,,,,
"Thanks p_scribbles, perfect for its purpose!",en,2016-04-02T18:15:19,,,5,25046732,,provide-you-with-unique-content,107,,57000c370000000169485914,False,,,,,,,,,50,,,False,United Kingdom,GB,marketing_or_advertising,8,,Would definitely work with again.,en,2016-04-02T18:45:19,"https://fiverr-res.cloudinary.com/image/upload/f_auto,q_auto,t_profile_small/v1/attachments/profile/photo/1bad54a4d16c60e7029fd6c8e19c345c-1582204558494/55dc2383-f119-4ee7-963a-fc9403612f64.jpg",guillek5,5,,,,,
good work,unknown,2016-03-31T03:25:40,,,8,25142387,,research-and-compose-business-and-finance-related-pieces-c52bc32f-3f94-4ea9-bbde-a768ced37715,21,,56fc98b40000000168671216,False,,,,,,,,,50,,,False,United Kingdom,GB,art_and_design,94,,Excellent experience,en,2016-03-31T03:26:28,"https://fiverr-res.cloudinary.com/image/upload/f_auto,q_auto,t_profile_small/v1/profile/photos/23231792/original/unspecified-2.jpeg",paulregan541,4,,,,,
Cancelled order. Seller failed to deliver on time!,en,2016-03-25T15:06:10,,,5,25046732,,provide-you-with-unique-content,107,,56f553e20000000165751280,True,,,,,,,,,50,,,False,United States,US,travel_or_tourism,85,,,,,"https://fiverr-res.cloudinary.com/image/upload/f_auto,q_auto,t_profile_small/v1/profile/photos/26940014/original/Shelley2.jpg",shelleytsewole,1,,,,,
Prompt reply! Definitely working again with Penelope! ,en,2016-03-21T18:49:18,,,5,18551814,,fulfill-all-your-literary-needs,163,,56f0422e0000000165015590,False,,,,,,,,,50,,,False,United Kingdom,GB,,5,,Great to work with.,en,2016-03-23T06:23:24,"https://fiverr-res.cloudinary.com/image/upload/f_auto,q_auto,t_profile_small/v1/profile/photos/25202366/original/sps-event-tech-exhibitions-world-skills-exhibition-stand.jpg",dragodan,4.7,,,,,
Lifesaver in getting articles for my magazine completed. ,en,2016-02-16T14:42,,,5,18551814,,fulfill-all-your-literary-needs,163,,56c335380000000154263164,True,,,,,,,,,50,,,False,United States,US,,296,,Really helpful and understanding. Great to work with.,en,2016-03-06T10:07:18,"https://fiverr-res.cloudinary.com/image/upload/f_auto,q_auto,t_profile_small/v1/attachments/profile/photo/16d15d4426c6eb3af6d18b4463fc8deb-1535409666558/image001.jpg",creativepieces,5,,,,,
Wonderful job helping me meet a deadline when other writers dropped the ball. ,en,2016-02-16T14:41:05,,,5,18551814,,fulfill-all-your-literary-needs,163,,56c335010000000154163024,True,,,,,,,,,50,,,False,United States,US,,296,,"Really understanding, even when there was a delay in delivery of revisions.",en,2016-03-06T10:06:31,"https://fiverr-res.cloudinary.com/image/upload/f_auto,q_auto,t_profile_small/v1/attachments/profile/photo/16d15d4426c6eb3af6d18b4463fc8deb-1535409666558/image001.jpg",creativepieces,5,,,,,
Great work!,en,2016-02-04T23:48:10,,,5,25046732,,provide-you-with-unique-content,107,,56b3e33a0000000151253324,False,,,,,,,,,50,,,False,United States,US,,31,,Awesome Experience,en,2016-02-05T06:09:53,,user04639059,5,,,,,
"love it quick response time and did there on research 
Thank You",en,2016-02-03T19:55:08,,,5,25141932,,research-and-compose-business-and-finance-related-pieces,121,,56b25b1c0000000151040780,False,,,,,,,,,50,,,False,United States,US,,39,,Excellent Experience. ,en,2016-02-04T07:31:43,"https://fiverr-res.cloudinary.com/image/upload/f_auto,q_auto,t_profile_small/v1/profile/photos/3064759/original/logo_755304_print.jpg",christiansmith,5,,,,,
Outstanding Experience!,en,2016-01-08T10:09:36,,,5,18551814,,fulfill-all-your-literary-needs,163,,568f8ae00000000144168482,False,,,,,,,,,50,,,False,United Kingdom,GB,marketing_or_advertising,8,,Looking forward to working with you again.,en,2016-01-08T19:47:29,"https://fiverr-res.cloudinary.com/image/upload/f_auto,q_auto,t_profile_small/v1/attachments/profile/photo/1bad54a4d16c60e7029fd6c8e19c345c-1582204558494/55dc2383-f119-4ee7-963a-fc9403612f64.jpg",guillek5,5,,,,,
"Thank you so much! 
Yiu are the  best!!!",en,2015-12-27T10:43:24,,,5,18551814,,fulfill-all-your-literary-needs,163,,567fc0cc0000000140661884,False,,,,,,,,,200,100,,False,United Kingdom,GB,,22,,Great to work with.,en,2015-12-30T15:46:13,,lenalinn7,5,,,,,
Very good-I would highly recommend. ,en,2015-12-05T19:47:32,,,5,18551814,,fulfill-all-your-literary-needs,163,,56633f540000000138414254,False,,,,,,,,,50,,,False,United States,US,,59,,Wonderful work experience,en,2015-12-06T06:22:39,"https://fiverr-res.cloudinary.com/image/upload/f_auto,q_auto,t_profile_small/v1/attachments/profile/photo/e4604d6d94a70e4096cb67aa341e7a6f-1533842471524/7ed2b30a-63a2-46dd-8452-6b5b2618a7fc.JPG",fazdobbie,5,,,,,
"thank you, amazing writer!",en,2015-11-23T19:33:26,,,5,18551814,,fulfill-all-your-literary-needs,163,,56536a060000000135853364,False,,,,,,,,,50,,,False,United Kingdom,GB,,22,,A great recurring customer.,en,2015-11-25T15:06:49,,lenalinn7,5,,,,,
Outstanding Experience!,en,2015-11-22T22:34:40,,,5,18551814,,fulfill-all-your-literary-needs,163,,565243000000000136134242,False,,,,,,,,,50,,,False,United States,US,,59,,Just Perfect work experience. ,en,2015-11-23T03:24:51,"https://fiverr-res.cloudinary.com/image/upload/f_auto,q_auto,t_profile_small/v1/attachments/profile/photo/e4604d6d94a70e4096cb67aa341e7a6f-1533842471524/7ed2b30a-63a2-46dd-8452-6b5b2618a7fc.JPG",fazdobbie,5,,,,,
Great work!!!   I will     continue    cooperate  with  you. Thank You!,en,2015-11-19T21:40:02,,,5,18551814,,fulfill-all-your-literary-needs,163,,564e41b20000000135648422,False,,,,,,,,,50,,,False,United Kingdom,GB,,22,,Replies promptly. Great to work with. Would definitely work with this one again.,en,2015-11-19T22:23:25,,lenalinn7,5,,,,,
Outstanding Experience!,en,2015-11-13T14:25:14,,,5,18551814,,fulfill-all-your-literary-needs,163,,5645f2ca0000000134458106,False,,,,,,,,,50,,,False,United States,US,,61,,great,en,2015-11-21T04:29:25,"https://fiverr-res.cloudinary.com/image/upload/f_auto,q_auto,t_profile_small/v1/profile/photos/10151332/original/1435157054793_facebook20150624-18423-1jvzypj.jpg",daniellefrank,5,,,,,
Outstanding Experience!,en,2015-11-06T08:45:55,,,,7365647,,,,,563c68c30000000132559820,False,,,,,,,,,50,,,False,India,IN,,14,,Great working with you. Let us know if you need similar pieces written again. Thank you.,en,2015-11-06T09:39:14,"https://fiverr-res.cloudinary.com/image/upload/f_auto,q_auto,t_profile_small/v1/profile/photos/3843205/original/IMG-20150709-WA0015.jpg",sagarjobanputra,5,,,,,
"Absolutely Fantastic, really, great value and great material. I look forward to using you across my business. Thankyou",en,2015-11-01T14:09:11,,,5,18551814,,fulfill-all-your-literary-needs,163,,56361d070000000131788580,False,,,,,,,,,50,,,False,Australia,AU,sports_and_fitness,17,,Thank you so much for giving us a chance. We hope to serve you again soon.,en,2015-11-03T15:25:36,"https://fiverr-res.cloudinary.com/image/upload/f_auto,q_auto,t_profile_small/v1/attachments/profile/photo/e2d90813d1397f28602589ac53637ae8-1711747795943/ea462eac-323f-4f6e-850c-a0d361105fd1.jpg",pssgroup,5,,,,,
